[
    {
        "backgroundImage": "http://admin.d-mag.pro:3000/images/5f7c577fffdd2d63fbc71a2c/img_1611847905117.png",
        "content": {
            "title": "",
            "text": "<h1><strong>Security,</strong></h1><h2>the keyword for tomorrow</h2><p><strong>__________________________________________</strong></p><h3><strong>Information Technologies for the Swiss Finance Industry</strong></h3><p><strong>SwissFinance.Tech #2 - March 2021</strong></p><p>&nbsp;</p>",
            "buttonText": "Start reading",
            "buttonBgColor": "#ff2323"
        },
        "name": "Cover",
        "coverImage": "http://127.0.0.1:3000/images/5f7c577fffdd2d63fbc71a2c/img_1612464735555.png"
    },
    {
        "name": "editorial",
        "description": "Lorem ipsum dolor sit amet",
        "content": {
            "authorImg": "http://admin.d-mag.pro:3000/tempImages/templates/author.png",
            "name": "<p>First&nbsp;name&nbsp;+&nbsp;Name</p><p>&nbsp; &nbsp; Editor-in-chief</p>",
            "title": "<h2><strong>Lorem&nbsp;ipsum&nbsp;dolor&nbsp;sit&nbsp;amet</strong></h2><h3>ipsum&nbsp;dolor&nbsp;asseoir&nbsp;amet&nbsp;elit</h3>",
            "text": "<p>Lorem ipsum dolor sit amet, consectetur adipisicing elit, sed do eiusmod tempor incididunt ut labore et dolore magna aliqua. Ut enim ad minim veniam, quis nostrud exercitation ullamco laboris nisi ut aliquip ex ea commodo consequat. Duis aute irure dolor\n            in reprehenderit in voluptate velit esse cillum dolore eu fugiat nulla pariatur. Excepteur sint occaecat cupidatat non proident, sunt in culpa qui officia deserunt mollit anim id est laborum. Sed ut perspiciatis unde omnis iste natus\n            error sit voluptatem accusantium doloremque laudantium, totam rem aperiam, eaque ipsa quae ab illo inventore veritatis et quasi architecto beatae vitae dicta sunt explicabo. Nemo enim ipsam voluptatem quia voluptas sit aspernatur aut\n            odit aut fugit, sed quia consequuntur magni dolores eos qui ratione voluptatem sequi nesciunt. Neque porro quisquam est, qui dolorem ipsum quia dolor sit amet, consectetur, adipisci velit, sed quia non numquam eius modi tempora incidunt\n            ut labore et dolore magnam aliquam quaerat voluptatem. Lorem ipsum dolor sit amet, consectetur adipisicing elit, sed do eiusmod tempor incididunt ut labore et dolore magna aliqua. Ut enim ad minim veniam, quis nostrud exercitation\n            ullamco laboris nisi ut aliquip ex ea commodo consequat. Duis aute irure dolor in reprehenderit in voluptate velit esse cillum dolore eu fugiat nulla pariatur. Excepteur sint occaecat cupidatat non proident, sunt in culpa qui officia\n            deserunt mollit anim id est laborum. Sed ut perspiciatis unde omnis iste natus error sit voluptatem accusantium doloremque laudantium, totam rem aperiam, eaque ipsa quae ab illo inventore veritatis et quasi architecto beatae vitae\n            dicta sunt explicabo.</p>",
            "mediaText": "<h3 style=\"margin-left:0px;\"><span style=\"color:hsl(0,0%,100%);\">Lorem ipsum dolor sit amet</span></h3><h4><span style=\"color:hsl(0,0%,100%);\">ipsum dolor asseoir amet elit</span></h4><h3 style=\"margin-left:0px;\"><span style=\"color:hsl(0,0%,100%);\">Lorem ipsum dolor sit amet</span></h3><h4><span style=\"color:hsl(0,0%,100%);\">ipsum dolor asseoir amet elit</span></h4><h3 style=\"margin-left:0px;\"><span style=\"color:hsl(0,0%,100%);\">Lorem ipsum dolor sit amet</span></h3><h4><span style=\"color:hsl(0,0%,100%);\">ipsum dolor asseoir amet elit</span></h4>"
        },
        "tempIndex": "2",
        "coverImage": "http://admin.d-mag.pro:3000/tempImages/tempImage/temp2.png"
    },
    {
        "name": "focus",
        "description": "Lorem ipsum dolor sit amet",
        "backgroundImage": "http://admin.d-mag.pro:3000/tempImages/templates/focusBg.png",
        "content": {
            "title": "<h2><strong>Lorem&nbsp;ipsum&nbsp;dolor&nbsp;sit&nbsp;amet</strong></h2>\n            <h2>ipsum&nbsp;dolor&nbsp;asseoir&nbsp;amet&nbsp;elit</h2>",
            "text": "<p>Lorem ipsum dolor sit amet, consectetur adipisicing elit, sed do eiusmod tempor incididunt ut labore et dolore magna aliqua. Ut enim ad minim veniam, quis nostrud exercitation ullamco laboris nisi ut aliquip ex ea commodo consequat. Duis aute irure dolor\n            in reprehenderit in voluptate velit esse cillum dolore eu fugiat nulla pariatur. Excepteur sint occaecat cupidatat non proident, sunt in culpa qui officia deserunt mollit anim id est laborum. Sed ut perspiciatis unde omnis iste\n            natus error sit voluptatem accusantium doloremque laudantium, totam rem aperiam, eaque ipsa quae ab illo inventore veritatis et quasi architecto beatae vitae dicta sunt explicabo. Nemo enim ipsam voluptatem quia voluptas sit aspernatur\n            aut odit aut fugit, sed quia consequuntur magni dolores eos qui ratione voluptatem sequi nesciunt. Neque porro quisquam est, qui dolorem ipsum quia dolor sit amet, consectetur, adipisci velit, sed quia non numquam eius modi tempora\n            incidunt ut labore et dolore magnam aliquam quaerat voluptatem. Lorem ipsum dolor sit amet, consectetur adipisicing elit, sed do eiusmod tempor incididunt ut labore et dolore magna aliqua. Ut enim ad minim veniam, quis nostrud\n            exercitation ullamco laboris nisi ut aliquip ex ea commodo consequat. Duis aute irure dolor in reprehenderit in voluptate velit esse cillum dolore eu fugiat nulla pariatur. Excepteur sint occaecat cupidatat non proident, sunt in\n            culpa qui officia deserunt mollit anim id est laborum. Sed ut perspiciatis unde omnis iste natus error sit voluptatem accusantium doloremque laudantium, totam rem aperiam, eaque ipsa quae ab illo inventore veritatis et quasi architecto\n            beatae vitae dicta sunt explicabo. Lorem ipsum dolor sit amet, consectetur adipisicing elit, sed do eiusmod tempor incididunt ut labore et dolore magna aliqua. Ut enim ad minim veniam, quis nostrud exercitation ullamco laboris\n            nisi ut aliquip ex ea commodo consequat. Duis aute irure dolor in reprehenderit in voluptate velit esse cillum dolore eu fugiat nulla pariatur. Excepteur sint occaecat cupidatat non proident, sunt in culpa qui officia deserunt\n            mollit anim id est laborum.</p>"
        },
        "tempIndex": "1",
        "coverImage": "http://admin.d-mag.pro:3000/tempImages/tempImage/temp1.png"
    }
]