[{"name":"home","description":"Lorem ipsum dolor sit amet","backgroundImage":"http://admin.d-mag.pro:3000/tempImages/templates/coin.png","content":{"title":"","text":"<h1><strong>Quand la Suisse se prépare</strong></h1>\n            <h2><strong>la finance de demain?</strong></h2>\n            <p><strong>__________________________________________</strong></p>\n            <h3><strong>Le magazine en ligne de la place financièree suisse</strong></h3>","buttonText":"Commencer la lecture","buttonBgColor":"#ff2323"},"tempIndex":"0","coverImage":"http://admin.d-mag.pro:3000/tempImages/tempImage/temp0.png"},{"name":"interview","description":"Lorem ipsum dolor sit amet","content":{"title":"<h1>Name and surname:</h1><h2>\"Lorem ipsum dolor sit amet ipsum dolor sit amet elit\".</h2>","text":"<p><strong>Lorem ipsum dolor sit amet, consectetur adipisicing elit, sed do eiusmod tempor incididunt ut labore et dolore magna aliqua. Ut enim ad minim veniam, quis nostrud exercitation ullamco laboris nisi ut aliquip ex ea commodo consequat.</strong></p><p>Lorem ipsum dolor sit amet, consectetur adipisicing elit, sed do eiusmod tempor incididunt ut labore et dolore magna aliqua. Ut enim ad minim veniam, quis nostrud exercitation ullamco laboris nisi ut aliquip ex ea commodo consequat. Duis aute irure dolor in reprehenderit in voluptate velit esse cillum dolore eu fugiat nulla pariatur. Excepteur sint occaecat cupidatat non proident, sunt in culpa qui officia deserunt mollit anim id est laborum. Sed ut perspiciatis unde omnis iste natus error sit voluptatem accusantium doloremque laudantium, totam rem aperiam, eaque ipsa quae ab illo inventore veritatis et quasi architecto beatae vitae dicta sunt explicabo. Nemo enim ipsam voluptatem quia voluptas sit aspernatur aut odit aut fugit, sed quia consequuntur magni dolores eos qui ratione voluptatem sequi nesciunt. Neque porro quisquam est, qui dolorem ipsum quia dolor sit amet, consectetur, adipisci velit, sed quia non numquam eius modi tempora incidunt ut labore et dolore magnam aliquam quaerat voluptatem.</p><p>Lorem ipsum dolor sit amet, consectetur adipisicing elit, sed do eiusmod tempor incididunt ut labore et dolore magna aliqua. Ut enim ad minim veniam, quis nostrud exercitation ullamco laboris nisi ut aliquip ex ea commodo consequat. Duis aute irure dolor in reprehenderit in voluptate velit esse cillum dolore eu fugiat nulla pariatur. Excepteur sint occaecat cupidatat non proident, sunt in culpa qui officia deserunt mollit anim id est laborum. Sed ut perspiciatis unde omnis iste natus error sit voluptatem accusantium doloremque laudantium, totam rem aperiam, eaque ipsa quae ab illo inventore veritatis et quasi architecto beatae vitae dicta sunt explicabo. Nemo enim ipsam voluptatem quia voluptas sit aspernatur aut odit aut fugit, sed quia consequuntur magni dolores eos qui ratione voluptatem sequi nesciunt. Neque porro quisquam est, qui dolorem ipsum quia dolor sit amet, consectetur, adipisci velit, sed quia non numquam eius modi tempora incidunt ut labore et dolore magnam aliquam quaerat voluptatem.</p><p><strong>LOREM IPSUM DOLOR SIT AMET</strong></p><p>Lorem ipsum dolor sit amet, consectetur adipisicing elit, sed do eiusmod tempor incididunt ut labore et dolore magna aliqua. Ut enim ad minim veniam, quis nostrud exercitation ullamco laboris nisi ut aliquip ex ea commodo consequat. Duis aute irure dolor in reprehenderit in voluptate velit esse cillum dolore eu fugiat nulla pariatur. Excepteur sint occaecat cupidatat non proident, sunt in culpa qui officia deserunt mollit anim id est laborum. Sed ut perspiciatis unde omnis iste natus error sit voluptatem accusantium doloremque laudantium, totam rem aperiam, eaque ipsa quae ab illo inventore veritatis et quasi architecto beatae vitae dicta sunt explicabo. Nemo enim ipsam voluptatem quia voluptas sit aspernatur aut odit aut fugit, sed quia consequuntur magni dolores eos qui ratione voluptatem sequi nesciunt. Neque porro quisquam est, qui dolorem ipsum quia dolor sit amet, consectetur, adipisci velit, sed quia non numquam eius modi tempora incidunt ut labore et dolore magnam aliquam quaerat voluptatem.</p><p>Lorem ipsum dolor sit amet, consectetur adipisicing elit, sed do eiusmod tempor incididunt ut labore et dolore magna aliqua. Ut enim ad minim veniam, quis nostrud exercitation ullamco laboris nisi ut aliquip ex ea commodo consequat. Duis aute irure dolor in reprehenderit in voluptate velit esse cillum dolore eu fugiat nulla pariatur. Excepteur sint occaecat cupidatat non proident, sunt in culpa qui officia deserunt mollit anim id est laborum. Sed ut perspiciatis unde omnis iste natus error sit voluptatem accusantium doloremque laudantium, totam rem aperiam, eaque ipsa quae ab illo inventore veritatis et quasi architecto beatae vitae dicta sunt explicabo. Nemo enim ipsam voluptatem quia voluptas sit aspernatur aut odit aut fugit, sed quia consequuntur magni dolores eos qui ratione voluptatem sequi nesciunt. Neque porro quisquam est, qui dolorem ipsum quia dolor sit amet, consectetur, adipisci velit, sed quia non numquam eius modi tempora incidunt ut labore et dolore magnam aliquam quaerat voluptatem.</p>","image":"http://admin.d-mag.pro:3000/tempImages/templates/PhotoBarnieroriginale.png"},"tempIndex":"8","coverImage":"http://admin.d-mag.pro:3000/images/5f7c577fffdd2d63fbc71a2c/img_1603981868993.png"},{"name":"focus","description":"Lorem ipsum dolor sit amet","backgroundImage":"http://admin.d-mag.pro:3000/tempImages/templates/focusBg.png","content":{"title":"<h2><strong>Lorem&nbsp;ipsum&nbsp;dolor&nbsp;sit&nbsp;amet</strong></h2>\n            <h2>ipsum&nbsp;dolor&nbsp;asseoir&nbsp;amet&nbsp;elit</h2>","text":"<p>Lorem ipsum dolor sit amet, consectetur adipisicing elit, sed do eiusmod tempor incididunt ut labore et dolore magna aliqua. Ut enim ad minim veniam, quis nostrud exercitation ullamco laboris nisi ut aliquip ex ea commodo consequat. Duis aute irure dolor\n            in reprehenderit in voluptate velit esse cillum dolore eu fugiat nulla pariatur. Excepteur sint occaecat cupidatat non proident, sunt in culpa qui officia deserunt mollit anim id est laborum. Sed ut perspiciatis unde omnis iste\n            natus error sit voluptatem accusantium doloremque laudantium, totam rem aperiam, eaque ipsa quae ab illo inventore veritatis et quasi architecto beatae vitae dicta sunt explicabo. Nemo enim ipsam voluptatem quia voluptas sit aspernatur\n            aut odit aut fugit, sed quia consequuntur magni dolores eos qui ratione voluptatem sequi nesciunt. Neque porro quisquam est, qui dolorem ipsum quia dolor sit amet, consectetur, adipisci velit, sed quia non numquam eius modi tempora\n            incidunt ut labore et dolore magnam aliquam quaerat voluptatem. Lorem ipsum dolor sit amet, consectetur adipisicing elit, sed do eiusmod tempor incididunt ut labore et dolore magna aliqua. Ut enim ad minim veniam, quis nostrud\n            exercitation ullamco laboris nisi ut aliquip ex ea commodo consequat. Duis aute irure dolor in reprehenderit in voluptate velit esse cillum dolore eu fugiat nulla pariatur. Excepteur sint occaecat cupidatat non proident, sunt in\n            culpa qui officia deserunt mollit anim id est laborum. Sed ut perspiciatis unde omnis iste natus error sit voluptatem accusantium doloremque laudantium, totam rem aperiam, eaque ipsa quae ab illo inventore veritatis et quasi architecto\n            beatae vitae dicta sunt explicabo. Lorem ipsum dolor sit amet, consectetur adipisicing elit, sed do eiusmod tempor incididunt ut labore et dolore magna aliqua. Ut enim ad minim veniam, quis nostrud exercitation ullamco laboris\n            nisi ut aliquip ex ea commodo consequat. Duis aute irure dolor in reprehenderit in voluptate velit esse cillum dolore eu fugiat nulla pariatur. Excepteur sint occaecat cupidatat non proident, sunt in culpa qui officia deserunt\n            mollit anim id est laborum.</p>"},"tempIndex":"1","coverImage":"http://admin.d-mag.pro:3000/tempImages/tempImage/temp1.png"},{"name":"editorial","description":"Lorem ipsum dolor sit amet","content":{"authorImg":"http://admin.d-mag.pro:3000/tempImages/templates/author.png","name":"<p>First&nbsp;name&nbsp;+&nbsp;Name</p><p>&nbsp; &nbsp; Editor-in-chief</p>","title":"<h2><strong>Lorem&nbsp;ipsum&nbsp;dolor&nbsp;sit&nbsp;amet</strong></h2><h3>ipsum&nbsp;dolor&nbsp;asseoir&nbsp;amet&nbsp;elit</h3>","text":"<p>Lorem ipsum dolor sit amet, consectetur adipisicing elit, sed do eiusmod tempor incididunt ut labore et dolore magna aliqua. Ut enim ad minim veniam, quis nostrud exercitation ullamco laboris nisi ut aliquip ex ea commodo consequat. Duis aute irure dolor\n            in reprehenderit in voluptate velit esse cillum dolore eu fugiat nulla pariatur. Excepteur sint occaecat cupidatat non proident, sunt in culpa qui officia deserunt mollit anim id est laborum. Sed ut perspiciatis unde omnis iste natus\n            error sit voluptatem accusantium doloremque laudantium, totam rem aperiam, eaque ipsa quae ab illo inventore veritatis et quasi architecto beatae vitae dicta sunt explicabo. Nemo enim ipsam voluptatem quia voluptas sit aspernatur aut\n            odit aut fugit, sed quia consequuntur magni dolores eos qui ratione voluptatem sequi nesciunt. Neque porro quisquam est, qui dolorem ipsum quia dolor sit amet, consectetur, adipisci velit, sed quia non numquam eius modi tempora incidunt\n            ut labore et dolore magnam aliquam quaerat voluptatem. Lorem ipsum dolor sit amet, consectetur adipisicing elit, sed do eiusmod tempor incididunt ut labore et dolore magna aliqua. Ut enim ad minim veniam, quis nostrud exercitation\n            ullamco laboris nisi ut aliquip ex ea commodo consequat. Duis aute irure dolor in reprehenderit in voluptate velit esse cillum dolore eu fugiat nulla pariatur. Excepteur sint occaecat cupidatat non proident, sunt in culpa qui officia\n            deserunt mollit anim id est laborum. Sed ut perspiciatis unde omnis iste natus error sit voluptatem accusantium doloremque laudantium, totam rem aperiam, eaque ipsa quae ab illo inventore veritatis et quasi architecto beatae vitae\n            dicta sunt explicabo.</p>","mediaText":"<h3 style=\"margin-left:0px;\"><span style=\"color:hsl(0,0%,100%);\">Lorem ipsum dolor sit amet</span></h3><h4><span style=\"color:hsl(0,0%,100%);\">ipsum dolor asseoir amet elit</span></h4><h3 style=\"margin-left:0px;\"><span style=\"color:hsl(0,0%,100%);\">Lorem ipsum dolor sit amet</span></h3><h4><span style=\"color:hsl(0,0%,100%);\">ipsum dolor asseoir amet elit</span></h4><h3 style=\"margin-left:0px;\"><span style=\"color:hsl(0,0%,100%);\">Lorem ipsum dolor sit amet</span></h3><h4><span style=\"color:hsl(0,0%,100%);\">ipsum dolor asseoir amet elit</span></h4>"},"tempIndex":"2","coverImage":"http://admin.d-mag.pro:3000/tempImages/tempImage/temp2.png"},{"name":"news","description":"Lorem ipsum dolor sit amet","content":[{"title":"<h6><span style=\"background-color:rgb(238,238,238);color:rgb(244,67,54);\">LOREM IPSUM DOLOR SED LEX CUGNATIO</span></h6>","text":"<p><span style=\"background-color:rgb(238,238,238);color:rgb(153,153,153);\">Lorem ipsum dolor sit amet, consectetur adipisicing elit, ecto beatae vitae</span></p>","image":"http://admin.d-mag.pro:3000/tempImages/templates/Calque1.png","imageIndex":0}],"tempIndex":"3","coverImage":"http://admin.d-mag.pro:3000/tempImages/tempImage/temp3.png"},{"name":"home","description":"Lorem ipsum dolor sit amet","backgroundImage":"http://admin.d-mag.pro:3000/tempImages/templates/coin.png","content":{"title":"","text":"<h1><strong>Quand la Suisse se prépare</strong></h1>\n            <h2><strong>la finance de demain?</strong></h2>\n            <p><strong>__________________________________________</strong></p>\n            <h3><strong>Le magazine en ligne de la place financièree suisse</strong></h3>","buttonText":"Commencer la lecture","buttonBgColor":"#ff2323"},"tempIndex":"0","coverImage":"http://admin.d-mag.pro:3000/tempImages/tempImage/temp0.png"},{"name":"text-media-left","description":"Lorem ipsum dolor sit amet","content":{"name":"<p><span style=\"color:hsl(0,75%,60%);\">LOREM&nbsp;IPSUM</span></p>","title":"<h2>Lorem ipsum dolor sit amet</h2>\n                    <h3>ipsum dolor sit amet elit</h3>","text":"<p><strong>Lorem ipsum dolor sit amet, consectetur adipisicing elit, sed do eiusmod tempor incididunt ut labore et dolore magna aliqua. Ut enim ad minim veniam, quis nostrud exercitation ullamco laboris nisi ut aliquip ex ea commodo consequat.</strong></p><p><strong>L</strong>orem ipsum dolor sit amet, consectetur adipisicing elit, sed do eiusmod tempor incididunt ut labore et dolore magna aliqua. Ut enim ad minim veniam, quis nostrud exercitation ullamco laboris nisi ut aliquip ex ea commodo consequat. Duis aute irure dolor in reprehenderit in voluptate velit esse cillum dolore eu fugiat nulla pariatur. Excepteur sint occaecat cupidatat non proident, sunt in culpa qui officia deserunt mollit anim id est laborum. Sed ut perspiciatis unde omnis iste natus error sit voluptatem accusantium doloremque laudantium, totam rem aperiam, eaque ipsa quae ab illo inventore veritatis et quasi architecto beatae vitae dicta sunt explicabo. Nemo enim ipsam voluptatem quia voluptas sit aspernatur aut odit aut fugit, sed quia consequuntur magni dolores eos qui ratione voluptatem sequi nesciunt. Neque porro quisquam est, qui dolorem ipsum quia dolor sit amet, consectetur, adipisci velit, sed quia non numquam eius modi tempora incidunt ut labore et dolore magnam aliquam quaerat voluptatem.</p><p>Lorem ipsum dolor sit amet, consectetur adipisicing elit, sed do eiusmod tempor incididunt ut labore et dolore magna aliqua. Ut enim ad minim veniam, quis nostrud exercitation ullamco laboris nisi ut aliquip ex ea commodo consequat. Duis aute irure dolor in reprehenderit in voluptate velit esse cillum dolore eu fugiat nulla pariatur. Excepteur sint occaecat cupidatat non proident, sunt in culpa qui officia deserunt mollit anim id est laborum. Sed ut perspiciatis unde omnis iste natus error sit voluptatem accusantium doloremque laudantium, totam rem aperiam, eaque ipsa quae ab illo inventore veritatis et quasi architecto beatae vitae dicta sunt explicabo. Nemo enim ipsam voluptatem quia voluptas sit aspernatur aut odit aut fugit, sed quia consequuntur magni dolores eos qui ratione voluptatem sequi nesciunt. Neque porro quisquam est, qui dolorem ipsum quia dolor sit amet, consectetur, adipisci velit, sed quia non numquam eius modi tempora incidunt ut labore et dolore magnam aliquam quaerat voluptatem.</p><h4><strong>LOREM IPSUM DOLOR SIT AMET</strong></h4><p>Lorem ipsum dolor sit amet, consectetur adipisicing elit, sed do eiusmod tempor incididunt ut labore et dolore magna aliqua. Ut enim ad minim veniam, quis nostrud exercitation ullamco laboris nisi ut aliquip ex ea commodo consequat. Duis aute irure dolor in reprehenderit in voluptate velit esse cillum dolore eu fugiat nulla pariatur. Excepteur sint occaecat cupidatat non proident, sunt in culpa qui officia deserunt mollit anim id est laborum. Sed ut perspiciatis unde omnis iste natus error sit voluptatem accusantium doloremque laudantium, totam rem aperiam, eaque ipsa quae ab illo inventore veritatis et quasi architecto beatae vitae dicta sunt explicabo. Nemo enim ipsam voluptatem quia voluptas sit aspernatur aut odit aut fugit, sed quia consequuntur magni dolores eos qui ratione voluptatem sequi nesciunt. Neque porro quisquam est, qui dolorem ipsum quia dolor sit amet, consectetur, adipisci velit, sed quia non numquam eius modi tempora incidunt ut labore et dolore magnam aliquam quaerat voluptatem.</p><p>Lorem ipsum dolor sit amet, consectetur adipisicing elit, sed do eiusmod tempor incididunt ut labore et dolore magna aliqua. Ut enim ad minim veniam, quis nostrud exercitation ullamco laboris nisi ut aliquip ex ea commodo consequat. Duis aute irure dolor in reprehenderit in voluptate velit esse cillum dolore eu fugiat nulla pariatur. Excepteur sint occaecat cupidatat non proident, sunt in culpa qui officia deserunt mollit anim id est laborum. Sed ut perspiciatis unde omnis iste natus error sit voluptatem accusantium doloremque laudantium, totam rem aperiam, eaque ipsa quae ab illo inventore veritatis et quasi architecto beatae vitae dicta sunt explicabo. Nemo enim ipsam voluptatem quia voluptas sit aspernatur aut odit aut fugit, sed quia consequuntur magni dolores eos qui ratione voluptatem sequi nesciunt. Neque porro quisquam est, qui dolorem ipsum quia dolor sit amet, consectetur, adipisci velit, sed quia non numquam eius modi tempora incidunt ut labore et dolore magnam aliquam quaerat voluptatem.</p>","media":"<figure class=\"image\"><img src=\"http://admin.d-mag.pro:3000/tempImages/templates/photo_or_photo.png\"></figure>\n                    <figure class=\"image\"><img src=\"http://admin.d-mag.pro:3000/tempImages/templates/interactive_map.png\"></figure>\n                    <figure class=\"image\"><img src=\"http://admin.d-mag.pro:3000/tempImages/templates/static_ingographic.png\"></figure>\n                    <figure class=\"image\"><img src=\"http://admin.d-mag.pro:3000/tempImages/templates/video_or_audio_podcast.png\"></figure>\n                    <figure class=\"image\"><img src=\"http://admin.d-mag.pro:3000/tempImages/templates/interactive_chart.png\"></figure>"},"tempIndex":"5","coverImage":"http://admin.d-mag.pro:3000/tempImages/tempImage/temp5.png"},{"backgroundImage":"http://admin.d-mag.pro:3000/tempImages/templates/reperes.png","content":{"title":"<h1>Lorem ipsum dolor</h1><h2>ipsum dolor</h2>","text":"<p><span style=\"background-color:rgb(102,102,102);color:rgb(153,153,153);\">Lorem ipsum dolor sit amet, consectetur adipisicing elit, sed do eiusmod tempor incididunt ut labore et dolore magna aliqua. Ut enim ad minim veniam, quis nostrud exercitation ullamco laboris nisi ut aliquip ex ea commodo consequat.</span></p>"},"name":"topic","tempIndex":"7","topicSubPages":[{"name":"text-media-left","tempIndex":"5","text":"Title of the page 1 sub-page article with link...","index":6}],"coverImage":"http://admin.d-mag.pro:3000/tempImages/tempImage/temp7.png"}]
