{"title":"banque-finance.ch ","baseline":"wfwefwe","description":"wfewwfe","publisher":"gPsfefwefwfwefwe","facebook":"https://sfef.com","linkedin":"https://sfef.com","twitter":"https://sfef.com","youtube":"https://sfef.com","instagram":"https://sfef.com","logo":"http://127.0.0.1:3000/images/5f648b457a28876e141bd046/img_1602581114826.png","userId":"5f648b457a28876e141bd046","collections":[{"backgroundImage":"http://127.0.0.1:3000/tempImages/tempImage/temp0.png","name":"October 29 2020"},{"backgroundImage":"http://127.0.0.1:3000/tempImages/tempImage/temp0.png","name":"October 18 2020"}]}
